<?xml version='1.0' encoding='UTF-8'?>
<?artifactRepository version='1.1.0'?>
<repository name='file:/Users/pparker/Documents/work/Support/greeting-module/target/update-site/ - artifacts' type='org.eclipse.equinox.p2.artifact.repository.simpleRepository' version='1'>
  <properties size='2'>
    <property name='p2.timestamp' value='1358791894801'/>
    <property name='p2.compressed' value='false'/>
  </properties>
  <mappings size='3'>
    <rule filter='(&amp; (classifier=osgi.bundle))' output='${repoUrl}/plugins/${id}_${version}.jar'/>
    <rule filter='(&amp; (classifier=binary))' output='${repoUrl}/binary/${id}_${version}'/>
    <rule filter='(&amp; (classifier=org.eclipse.update.feature))' output='${repoUrl}/features/${id}_${version}.jar'/>
  </mappings>
  <artifacts size='2'>
    <artifact classifier='org.eclipse.update.feature' id='org.mule.tooling.ui.extension.greeting-module' version='1.0.0.201301211811'>
      <properties size='4'>
        <property name='artifact.size' value='3949'/>
        <property name='download.size' value='3949'/>
        <property name='download.md5' value='ed5bdb325ec935790f14bcadfe621870'/>
        <property name='download.contentType' value='application/zip'/>
      </properties>
    </artifact>
    <artifact classifier='osgi.bundle' id='org.mule.tooling.ui.contribution.greeting' version='1.0.0.201301211811'>
      <properties size='3'>
        <property name='artifact.size' value='212670'/>
        <property name='download.size' value='212670'/>
        <property name='download.md5' value='0d5d31fa66aa990604ad263342453444'/>
      </properties>
    </artifact>
  </artifacts>
</repository>
